index,source_type,component_id,local_path,mobbin_url,id,screen_id,flow_id,flow_name,flow_position,image_url,query,implementation_status
1,screen,search-composer,evidence/mobbin/screens/screen-001-perplexity-11a16581.webp,https://mobbin.com/screens/11a16581-2809-47c8-b58e-5e5af46c2120,11a16581-2809-47c8-b58e-5e5af46c2120,,,,,https://mobbin.com/api/mcp/short/cYzHVgA6,Perplexity answer search citations sources follow-up threads collections settings web app,visual_extracted_from_screenshot
2,screen,search-composer,evidence/mobbin/screens/screen-002-perplexity-df2dadc7.webp,https://mobbin.com/screens/df2dadc7-8744-4483-b404-bef12639e550,df2dadc7-8744-4483-b404-bef12639e550,,,,,https://mobbin.com/api/mcp/short/bATfQVtW,Perplexity answer search citations sources follow-up threads collections settings web app,visual_extracted_from_screenshot
3,screen,search-composer,evidence/mobbin/screens/screen-003-perplexity-9c22b5e4.webp,https://mobbin.com/screens/9c22b5e4-e120-4809-89c4-2ecbeca7ee25,9c22b5e4-e120-4809-89c4-2ecbeca7ee25,,,,,https://mobbin.com/api/mcp/short/U0XrXbE4,Perplexity answer search citations sources follow-up threads collections settings web app,visual_extracted_from_screenshot
4,screen,search-composer,evidence/mobbin/screens/screen-004-perplexity-6049b341.webp,https://mobbin.com/screens/6049b341-0a7f-4701-b1bc-266fad103745,6049b341-0a7f-4701-b1bc-266fad103745,,,,,https://mobbin.com/api/mcp/short/uQ7kXguP,Perplexity answer search citations sources follow-up threads collections settings web app,visual_extracted_from_screenshot
5,screen,search-composer,evidence/mobbin/screens/screen-005-perplexity-33039fcc.webp,https://mobbin.com/screens/33039fcc-81a7-4ae0-9d2b-356dc8125225,33039fcc-81a7-4ae0-9d2b-356dc8125225,,,,,https://mobbin.com/api/mcp/short/3t2S6GbT,Perplexity answer search citations sources follow-up threads collections settings web app,visual_extracted_from_screenshot
6,screen,search-composer,evidence/mobbin/screens/screen-006-perplexity-4c549161.webp,https://mobbin.com/screens/4c549161-e1f9-456a-8267-5cad3039e4b1,4c549161-e1f9-456a-8267-5cad3039e4b1,,,,,https://mobbin.com/api/mcp/short/584xiqQ6,Perplexity answer search citations sources follow-up threads collections settings web app,visual_extracted_from_screenshot
7,screen,answer-results-thread,evidence/mobbin/screens/screen-007-perplexity-01fad6f5.webp,https://mobbin.com/screens/01fad6f5-8f99-4af2-98fb-35410b49df76,01fad6f5-8f99-4af2-98fb-35410b49df76,,,,,https://mobbin.com/api/mcp/short/hZFyVXYW,Perplexity answer search citations sources follow-up threads collections settings web app,visual_extracted_from_screenshot
8,screen,answer-results-thread,evidence/mobbin/screens/screen-008-perplexity-8481f908.webp,https://mobbin.com/screens/8481f908-ebca-48ac-aca3-3127b12da133,8481f908-ebca-48ac-aca3-3127b12da133,,,,,https://mobbin.com/api/mcp/short/OQp7koFu,Perplexity answer search citations sources follow-up threads collections settings web app,visual_extracted_from_screenshot
9,screen,answer-results-thread,evidence/mobbin/screens/screen-009-perplexity-c1715c69.webp,https://mobbin.com/screens/c1715c69-e8c9-4721-9177-4ac706f14583,c1715c69-e8c9-4721-9177-4ac706f14583,,,,,https://mobbin.com/api/mcp/short/AF6d8kmE,Perplexity answer search citations sources follow-up threads collections settings web app,visual_extracted_from_screenshot
10,screen,answer-results-thread,evidence/mobbin/screens/screen-010-perplexity-acd7a75a.webp,https://mobbin.com/screens/acd7a75a-e915-4d83-868c-650ca9756ecd,acd7a75a-e915-4d83-868c-650ca9756ecd,,,,,https://mobbin.com/api/mcp/short/yOj3aVRB,Perplexity answer search citations sources follow-up threads collections settings web app,visual_extracted_from_screenshot
11,screen,answer-results-thread,evidence/mobbin/screens/screen-011-perplexity-e38f5034.webp,https://mobbin.com/screens/e38f5034-9d4d-4353-9456-6e45a9c543d8,e38f5034-9d4d-4353-9456-6e45a9c543d8,,,,,https://mobbin.com/api/mcp/short/Ii3jn7Qe,Perplexity answer search citations sources follow-up threads collections settings web app,visual_extracted_from_screenshot
12,screen,answer-results-thread,evidence/mobbin/screens/screen-012-perplexity-21812368.webp,https://mobbin.com/screens/21812368-c033-42e7-a92e-5eecb968b1ec,21812368-c033-42e7-a92e-5eecb968b1ec,,,,,https://mobbin.com/api/mcp/short/e1zZqqju,Perplexity answer search citations sources follow-up threads collections settings web app,visual_extracted_from_screenshot
13,screen,answer-results-thread,evidence/mobbin/screens/screen-013-perplexity-2a4fd1dc.webp,https://mobbin.com/screens/2a4fd1dc-ba01-4bef-8f64-93c10a79c078,2a4fd1dc-ba01-4bef-8f64-93c10a79c078,,,,,https://mobbin.com/api/mcp/short/bQC55dIK,Perplexity answer search citations sources follow-up threads collections settings web app,visual_extracted_from_screenshot
14,screen,answer-results-thread,evidence/mobbin/screens/screen-014-perplexity-6b6dec76.webp,https://mobbin.com/screens/6b6dec76-8dc3-41ee-a168-4ac5cd12ad2f,6b6dec76-8dc3-41ee-a168-4ac5cd12ad2f,,,,,https://mobbin.com/api/mcp/short/FhAdWtZr,Perplexity answer search citations sources follow-up threads collections settings web app,visual_extracted_from_screenshot
15,screen,sources-citation-strip,evidence/mobbin/screens/screen-015-perplexity-0a6cb95d.webp,https://mobbin.com/screens/0a6cb95d-d6f5-4b64-badf-81af7fe201c1,0a6cb95d-d6f5-4b64-badf-81af7fe201c1,,,,,https://mobbin.com/api/mcp/short/8qG971WT,Perplexity answer search citations sources follow-up threads collections settings web app,visual_extracted_from_screenshot
16,screen,sources-citation-strip,evidence/mobbin/screens/screen-016-perplexity-1f539b75.webp,https://mobbin.com/screens/1f539b75-8453-4020-8e0f-788d54cd20cd,1f539b75-8453-4020-8e0f-788d54cd20cd,,,,,https://mobbin.com/api/mcp/short/qFCUtMi5,Perplexity answer search citations sources follow-up threads collections settings web app,visual_extracted_from_screenshot
17,screen,sources-citation-strip,evidence/mobbin/screens/screen-017-perplexity-e33e456e.webp,https://mobbin.com/screens/e33e456e-3e53-4159-82c0-d5a5914c060f,e33e456e-3e53-4159-82c0-d5a5914c060f,,,,,https://mobbin.com/api/mcp/short/WWDJh6TV,Perplexity answer search citations sources follow-up threads collections settings web app,visual_extracted_from_screenshot
18,screen,sources-citation-strip,evidence/mobbin/screens/screen-018-perplexity-dfe025c8.webp,https://mobbin.com/screens/dfe025c8-4c38-4d62-9ae0-706ea8be8498,dfe025c8-4c38-4d62-9ae0-706ea8be8498,,,,,https://mobbin.com/api/mcp/short/r8cZ6tBw,Perplexity answer search citations sources follow-up threads collections settings web app,visual_extracted_from_screenshot
19,screen,sources-citation-strip,evidence/mobbin/screens/screen-019-perplexity-1d2c8bad.webp,https://mobbin.com/screens/1d2c8bad-101a-4608-adbb-3e7f0373e1ad,1d2c8bad-101a-4608-adbb-3e7f0373e1ad,,,,,https://mobbin.com/api/mcp/short/OZM9zDRK,Perplexity answer search citations sources follow-up threads collections settings web app,visual_extracted_from_screenshot
20,screen,sources-citation-strip,evidence/mobbin/screens/screen-020-perplexity-767a796e.webp,https://mobbin.com/screens/767a796e-08ce-4edc-b52c-4178fedb2062,767a796e-08ce-4edc-b52c-4178fedb2062,,,,,https://mobbin.com/api/mcp/short/3GQtpG7F,Perplexity answer search citations sources follow-up threads collections settings web app,visual_extracted_from_screenshot
21,screen,sources-citation-strip,evidence/mobbin/screens/screen-021-perplexity-2906ea85.webp,https://mobbin.com/screens/2906ea85-6745-48d7-8865-587cf44cee4a,2906ea85-6745-48d7-8865-587cf44cee4a,,,,,https://mobbin.com/api/mcp/short/sOckZBnu,Perplexity answer search citations sources follow-up threads collections settings web app,visual_extracted_from_screenshot
22,screen,sources-citation-strip,evidence/mobbin/screens/screen-022-perplexity-a0fc846e.webp,https://mobbin.com/screens/a0fc846e-4f0f-4cf9-96ef-d04c62c22e65,a0fc846e-4f0f-4cf9-96ef-d04c62c22e65,,,,,https://mobbin.com/api/mcp/short/ftPAiNfh,Perplexity answer search citations sources follow-up threads collections settings web app,visual_extracted_from_screenshot
23,screen,app-shell-sidebar,evidence/mobbin/screens/screen-023-perplexity-91a39379.webp,https://mobbin.com/screens/91a39379-02eb-4d60-b3ed-4510209617d5,91a39379-02eb-4d60-b3ed-4510209617d5,,,,,https://mobbin.com/api/mcp/short/m50wVWdW,Perplexity answer search citations sources follow-up threads collections settings web app,visual_extracted_from_screenshot
24,screen,app-shell-sidebar,evidence/mobbin/screens/screen-024-perplexity-7c12340d.webp,https://mobbin.com/screens/7c12340d-b3de-439f-8325-715210fe6ecb,7c12340d-b3de-439f-8325-715210fe6ecb,,,,,https://mobbin.com/api/mcp/short/nHJk39Jt,Perplexity answer search citations sources follow-up threads collections settings web app,visual_extracted_from_screenshot
25,screen,app-shell-sidebar,evidence/mobbin/screens/screen-025-perplexity-ddd67eb2.webp,https://mobbin.com/screens/ddd67eb2-9865-40c3-9505-257dc14a81e9,ddd67eb2-9865-40c3-9505-257dc14a81e9,,,,,https://mobbin.com/api/mcp/short/wFdpTOEy,Perplexity answer search citations sources follow-up threads collections settings web app,visual_extracted_from_screenshot
26,screen,app-shell-sidebar,evidence/mobbin/screens/screen-026-perplexity-9b5e6b72.webp,https://mobbin.com/screens/9b5e6b72-b3ad-447f-9162-818e067c19ea,9b5e6b72-b3ad-447f-9162-818e067c19ea,,,,,https://mobbin.com/api/mcp/short/v95xB4O9,Perplexity answer search citations sources follow-up threads collections settings web app,visual_extracted_from_screenshot
27,screen,app-shell-sidebar,evidence/mobbin/screens/screen-027-perplexity-5dfc93ed.webp,https://mobbin.com/screens/5dfc93ed-56d1-452d-bee9-fa0ec1dc7289,5dfc93ed-56d1-452d-bee9-fa0ec1dc7289,,,,,https://mobbin.com/api/mcp/short/K2VOUUNz,Perplexity answer search citations sources follow-up threads collections settings web app,visual_extracted_from_screenshot
28,screen,app-shell-sidebar,evidence/mobbin/screens/screen-028-perplexity-a13b68c3.webp,https://mobbin.com/screens/a13b68c3-1733-45bf-89d0-78a02045a564,a13b68c3-1733-45bf-89d0-78a02045a564,,,,,https://mobbin.com/api/mcp/short/33z2IBgO,Perplexity answer search citations sources follow-up threads collections settings web app,visual_extracted_from_screenshot
29,screen,app-shell-sidebar,evidence/mobbin/screens/screen-029-perplexity-e6203f17.webp,https://mobbin.com/screens/e6203f17-2d13-4b42-9ea0-0222102d982d,e6203f17-2d13-4b42-9ea0-0222102d982d,,,,,https://mobbin.com/api/mcp/short/hCwGjsmj,Perplexity answer search citations sources follow-up threads collections settings web app,visual_extracted_from_screenshot
30,screen,app-shell-sidebar,evidence/mobbin/screens/screen-030-perplexity-d131a965.webp,https://mobbin.com/screens/d131a965-a4dc-4b85-93de-c270715b96d1,d131a965-a4dc-4b85-93de-c270715b96d1,,,,,https://mobbin.com/api/mcp/short/y5i2e7qz,Perplexity answer search citations sources follow-up threads collections settings web app,visual_extracted_from_screenshot
31,screen,pro-upgrade-pricing,evidence/mobbin/screens/screen-031-perplexity-e1fc546d.webp,https://mobbin.com/screens/e1fc546d-7c76-4b32-808f-824900af9ff7,e1fc546d-7c76-4b32-808f-824900af9ff7,,,,,https://mobbin.com/api/mcp/short/twLmZ9Ch,Perplexity Pro pricing plan upgrade subscription checkout web app,visual_extracted_from_screenshot
32,screen,pro-upgrade-pricing,evidence/mobbin/screens/screen-037-perplexity-b1605d9d.webp,https://mobbin.com/screens/b1605d9d-07d7-4cfb-a506-1c4ef67fcbef,b1605d9d-07d7-4cfb-a506-1c4ef67fcbef,,,,,https://mobbin.com/api/mcp/short/PuntBUwo,Perplexity Pro pricing plan upgrade subscription checkout web app,visual_extracted_from_screenshot
33,screen,pro-upgrade-pricing,evidence/mobbin/screens/screen-039-perplexity-55b17e2c.webp,https://mobbin.com/screens/55b17e2c-ebc7-4da5-ad1d-8bc8d16d90a3,55b17e2c-ebc7-4da5-ad1d-8bc8d16d90a3,,,,,https://mobbin.com/api/mcp/short/J0fugnmn,Perplexity Pro pricing plan upgrade subscription checkout web app,visual_extracted_from_screenshot
34,screen,pro-upgrade-pricing,evidence/mobbin/screens/screen-043-perplexity-f642b62f.webp,https://mobbin.com/screens/f642b62f-7fc3-478c-9542-bf1d68353bda,f642b62f-7fc3-478c-9542-bf1d68353bda,,,,,https://mobbin.com/api/mcp/short/iyMwEgAs,Perplexity Pro pricing plan upgrade subscription checkout web app,visual_extracted_from_screenshot
35,screen,pro-upgrade-pricing,evidence/mobbin/screens/screen-045-perplexity-3f9362a9.webp,https://mobbin.com/screens/3f9362a9-246e-4741-b799-e1f9a23e9a1c,3f9362a9-246e-4741-b799-e1f9a23e9a1c,,,,,https://mobbin.com/api/mcp/short/h4FtoILO,Perplexity Pro pricing plan upgrade subscription checkout web app,visual_extracted_from_screenshot
36,screen,pro-upgrade-pricing,evidence/mobbin/screens/screen-046-perplexity-64238b1d.webp,https://mobbin.com/screens/64238b1d-01c7-4f6c-b4f7-2b10f01c7579,64238b1d-01c7-4f6c-b4f7-2b10f01c7579,,,,,https://mobbin.com/api/mcp/short/PopT0Nd5,Perplexity Pro pricing plan upgrade subscription checkout web app,visual_extracted_from_screenshot
37,screen,pro-upgrade-pricing,evidence/mobbin/screens/screen-051-perplexity-8b919957.webp,https://mobbin.com/screens/8b919957-a051-4428-aeb6-5dd69f325959,8b919957-a051-4428-aeb6-5dd69f325959,,,,,https://mobbin.com/api/mcp/short/cfKjw4YE,Perplexity Pro pricing plan upgrade subscription checkout web app,visual_extracted_from_screenshot
38,screen,collections-library,evidence/mobbin/screens/screen-053-perplexity-46a9f2c6.webp,https://mobbin.com/screens/46a9f2c6-29bc-4b5d-9261-e967b3513e8e,46a9f2c6-29bc-4b5d-9261-e967b3513e8e,,,,,https://mobbin.com/api/mcp/short/GtKrU8bl,Perplexity collections library spaces settings profile account web app,visual_extracted_from_screenshot
39,screen,collections-library,evidence/mobbin/screens/screen-054-perplexity-ca9d37bb.webp,https://mobbin.com/screens/ca9d37bb-2eca-4bd7-8d42-fadab383370a,ca9d37bb-2eca-4bd7-8d42-fadab383370a,,,,,https://mobbin.com/api/mcp/short/rMukOPAK,Perplexity collections library spaces settings profile account web app,visual_extracted_from_screenshot
40,screen,collections-library,evidence/mobbin/screens/screen-057-perplexity-b2f72064.webp,https://mobbin.com/screens/b2f72064-0161-45d2-b8be-7766c0ba1add,b2f72064-0161-45d2-b8be-7766c0ba1add,,,,,https://mobbin.com/api/mcp/short/jPuJr0nm,Perplexity collections library spaces settings profile account web app,visual_extracted_from_screenshot
41,screen,collections-library,evidence/mobbin/screens/screen-061-perplexity-8843ca9d.webp,https://mobbin.com/screens/8843ca9d-f44d-41f1-a712-c18d75c05bab,8843ca9d-f44d-41f1-a712-c18d75c05bab,,,,,https://mobbin.com/api/mcp/short/cTlfCNU4,Perplexity collections library spaces settings profile account web app,visual_extracted_from_screenshot
42,screen,collections-library,evidence/mobbin/screens/screen-063-perplexity-66504dae.webp,https://mobbin.com/screens/66504dae-3d4c-4592-9866-bb2eeb5b993b,66504dae-3d4c-4592-9866-bb2eeb5b993b,,,,,https://mobbin.com/api/mcp/short/EAfEB863,Perplexity collections library spaces settings profile account web app,visual_extracted_from_screenshot
43,screen,settings-account,evidence/mobbin/screens/screen-071-perplexity-f4173713.webp,https://mobbin.com/screens/f4173713-e5b9-4999-bee7-6cddffd4b5b4,f4173713-e5b9-4999-bee7-6cddffd4b5b4,,,,,https://mobbin.com/api/mcp/short/NETnAtt1,Perplexity collections library spaces settings profile account web app,visual_extracted_from_screenshot
44,screen,settings-account,evidence/mobbin/screens/screen-073-perplexity-da659c01.webp,https://mobbin.com/screens/da659c01-471c-438a-aeb9-f9270da00ecc,da659c01-471c-438a-aeb9-f9270da00ecc,,,,,https://mobbin.com/api/mcp/short/2MFv7fec,Perplexity collections library spaces settings profile account web app,visual_extracted_from_screenshot
45,screen,settings-account,evidence/mobbin/screens/screen-081-perplexity-7c226493.webp,https://mobbin.com/screens/7c226493-907a-45bb-8550-3b0e48c0c14e,7c226493-907a-45bb-8550-3b0e48c0c14e,,,,,https://mobbin.com/api/mcp/short/cKNrB0jX,Perplexity collections library spaces settings profile account web app,visual_extracted_from_screenshot
46,section,public-landing-pricing,evidence/mobbin/sections/section-001-perplexity-pc-4389591f.webp,https://mobbin.com/sites/sections/4389591f-8844-4978-9946-2aa4fe1f517f,4389591f-8844-4978-9946-2aa4fe1f517f,,,,,https://mobbin.com/api/mcp/short/Ni6AEy4y,Perplexity Personal Computer website hero sections product cards search answer engine,visual_extracted_from_screenshot
47,section,public-landing-pricing,evidence/mobbin/sections/section-002-perplexity-pc-0c2e224c.webp,https://mobbin.com/sites/sections/0c2e224c-cea1-4d6a-ba70-d9ecbb1a9288,0c2e224c-cea1-4d6a-ba70-d9ecbb1a9288,,,,,https://mobbin.com/api/mcp/short/UICxJwWY,Perplexity Personal Computer website hero sections product cards search answer engine,visual_extracted_from_screenshot
48,section,public-landing-pricing,evidence/mobbin/sections/section-003-perplexity-pc-827da229.webp,https://mobbin.com/sites/sections/827da229-a516-4e10-86f8-44684d074eb5,827da229-a516-4e10-86f8-44684d074eb5,,,,,https://mobbin.com/api/mcp/short/WAqP8t2K,Perplexity Personal Computer website hero sections product cards search answer engine,visual_extracted_from_screenshot
49,section,public-landing-pricing,evidence/mobbin/sections/section-004-perplexity-pc-5fbb4019.webp,https://mobbin.com/sites/sections/5fbb4019-adc0-4d45-a92f-25513f0ccc38,5fbb4019-adc0-4d45-a92f-25513f0ccc38,,,,,https://mobbin.com/api/mcp/short/4QF9PDnp,Perplexity Personal Computer website hero sections product cards search answer engine,visual_extracted_from_screenshot
50,flow_screen,follow-up-related-questions,evidence/mobbin/flows/flow-291675b5-searching-a-related-question/pos-001-fbc58a7d.webp,https://mobbin.com/flows/291675b5-d0d3-4610-bbd7-29e316e55de6,fbc58a7d-e07d-42c9-b610-57df87ca0f84,fbc58a7d-e07d-42c9-b610-57df87ca0f84,291675b5-d0d3-4610-bbd7-29e316e55de6,Searching a related question,1,https://mobbin.com/api/mcp/short/vYjCoVzg,Perplexity onboarding signup upgrade pro search answer citation follow-up,visual_extracted_from_screenshot
51,flow_screen,follow-up-related-questions,evidence/mobbin/flows/flow-291675b5-searching-a-related-question/pos-002-acd7a75a.webp,https://mobbin.com/flows/291675b5-d0d3-4610-bbd7-29e316e55de6,acd7a75a-e915-4d83-868c-650ca9756ecd,acd7a75a-e915-4d83-868c-650ca9756ecd,291675b5-d0d3-4610-bbd7-29e316e55de6,Searching a related question,2,https://mobbin.com/api/mcp/short/sBx7ArLC,Perplexity onboarding signup upgrade pro search answer citation follow-up,visual_extracted_from_screenshot
52,flow_screen,follow-up-related-questions,evidence/mobbin/flows/flow-291675b5-searching-a-related-question/pos-003-311a679f.webp,https://mobbin.com/flows/291675b5-d0d3-4610-bbd7-29e316e55de6,311a679f-7b0c-4384-969c-6d8c3e2577ca,311a679f-7b0c-4384-969c-6d8c3e2577ca,291675b5-d0d3-4610-bbd7-29e316e55de6,Searching a related question,3,https://mobbin.com/api/mcp/short/ArMDe8Pe,Perplexity onboarding signup upgrade pro search answer citation follow-up,visual_extracted_from_screenshot
53,flow_screen,onboarding-auth,evidence/mobbin/flows/flow-1a92c940-onboarding/pos-001-2c32c53c.webp,https://mobbin.com/flows/1a92c940-c857-4422-be55-2532b9c2022e,2c32c53c-72a8-406e-99b7-bcb2452d37cf,2c32c53c-72a8-406e-99b7-bcb2452d37cf,1a92c940-c857-4422-be55-2532b9c2022e,Onboarding,1,https://mobbin.com/api/mcp/short/zKAp9XlN,Perplexity onboarding signup upgrade pro search answer citation follow-up,visual_extracted_from_screenshot
54,flow_screen,onboarding-auth,evidence/mobbin/flows/flow-1a92c940-onboarding/pos-002-d40c7e8c.webp,https://mobbin.com/flows/1a92c940-c857-4422-be55-2532b9c2022e,d40c7e8c-6051-4b39-81e5-b81f1461e567,d40c7e8c-6051-4b39-81e5-b81f1461e567,1a92c940-c857-4422-be55-2532b9c2022e,Onboarding,2,https://mobbin.com/api/mcp/short/ydSfMm5n,Perplexity onboarding signup upgrade pro search answer citation follow-up,visual_extracted_from_screenshot
55,flow_screen,onboarding-auth,evidence/mobbin/flows/flow-1a92c940-onboarding/pos-003-5437ea10.webp,https://mobbin.com/flows/1a92c940-c857-4422-be55-2532b9c2022e,5437ea10-b33c-44e8-954c-b8f16d8b7ef6,5437ea10-b33c-44e8-954c-b8f16d8b7ef6,1a92c940-c857-4422-be55-2532b9c2022e,Onboarding,3,https://mobbin.com/api/mcp/short/PMK5mR9T,Perplexity onboarding signup upgrade pro search answer citation follow-up,visual_extracted_from_screenshot
56,flow_screen,onboarding-auth,evidence/mobbin/flows/flow-1a92c940-onboarding/pos-004-f751dfb5.webp,https://mobbin.com/flows/1a92c940-c857-4422-be55-2532b9c2022e,f751dfb5-6ae6-41c5-b3e0-dd37dc3b8aee,f751dfb5-6ae6-41c5-b3e0-dd37dc3b8aee,1a92c940-c857-4422-be55-2532b9c2022e,Onboarding,4,https://mobbin.com/api/mcp/short/Su5qbTlq,Perplexity onboarding signup upgrade pro search answer citation follow-up,visual_extracted_from_screenshot
57,flow_screen,onboarding-auth,evidence/mobbin/flows/flow-1a92c940-onboarding/pos-005-0120164e.webp,https://mobbin.com/flows/1a92c940-c857-4422-be55-2532b9c2022e,0120164e-db56-4aa8-abcc-2e377ff9650b,0120164e-db56-4aa8-abcc-2e377ff9650b,1a92c940-c857-4422-be55-2532b9c2022e,Onboarding,5,https://mobbin.com/api/mcp/short/srljwadd,Perplexity onboarding signup upgrade pro search answer citation follow-up,visual_extracted_from_screenshot
58,flow_screen,onboarding-auth,evidence/mobbin/flows/flow-1a92c940-onboarding/pos-006-770cc7d3.webp,https://mobbin.com/flows/1a92c940-c857-4422-be55-2532b9c2022e,770cc7d3-59fd-48a5-a3a3-596eecc1dbad,770cc7d3-59fd-48a5-a3a3-596eecc1dbad,1a92c940-c857-4422-be55-2532b9c2022e,Onboarding,6,https://mobbin.com/api/mcp/short/X9LZKyYL,Perplexity onboarding signup upgrade pro search answer citation follow-up,visual_extracted_from_screenshot
59,flow_screen,onboarding-auth,evidence/mobbin/flows/flow-1a92c940-onboarding/pos-007-cacb2566.webp,https://mobbin.com/flows/1a92c940-c857-4422-be55-2532b9c2022e,cacb2566-5b93-4400-a419-6e6a9ec3e91f,cacb2566-5b93-4400-a419-6e6a9ec3e91f,1a92c940-c857-4422-be55-2532b9c2022e,Onboarding,7,https://mobbin.com/api/mcp/short/1jKKmEWr,Perplexity onboarding signup upgrade pro search answer citation follow-up,visual_extracted_from_screenshot
60,flow_screen,onboarding-auth,evidence/mobbin/flows/flow-1a92c940-onboarding/pos-008-a44b93a9.webp,https://mobbin.com/flows/1a92c940-c857-4422-be55-2532b9c2022e,a44b93a9-3006-4604-8bf8-3c0b3acb259e,a44b93a9-3006-4604-8bf8-3c0b3acb259e,1a92c940-c857-4422-be55-2532b9c2022e,Onboarding,8,https://mobbin.com/api/mcp/short/y1y7mRBv,Perplexity onboarding signup upgrade pro search answer citation follow-up,visual_extracted_from_screenshot
61,flow_screen,onboarding-auth,evidence/mobbin/flows/flow-1a92c940-onboarding/pos-009-2d7a4b26.webp,https://mobbin.com/flows/1a92c940-c857-4422-be55-2532b9c2022e,2d7a4b26-164f-477c-ac74-98e6c5c4aa0a,2d7a4b26-164f-477c-ac74-98e6c5c4aa0a,1a92c940-c857-4422-be55-2532b9c2022e,Onboarding,9,https://mobbin.com/api/mcp/short/EAaiqKk6,Perplexity onboarding signup upgrade pro search answer citation follow-up,visual_extracted_from_screenshot
62,flow_screen,onboarding-auth,evidence/mobbin/flows/flow-1a92c940-onboarding/pos-010-6d8e94f2.webp,https://mobbin.com/flows/1a92c940-c857-4422-be55-2532b9c2022e,6d8e94f2-101a-4a86-9e98-fbaa50b16c74,6d8e94f2-101a-4a86-9e98-fbaa50b16c74,1a92c940-c857-4422-be55-2532b9c2022e,Onboarding,10,https://mobbin.com/api/mcp/short/0KoaISea,Perplexity onboarding signup upgrade pro search answer citation follow-up,visual_extracted_from_screenshot
63,flow_screen,sources-citation-strip,evidence/mobbin/flows/flow-8684b407-checking-sources/pos-001-b9da0940.webp,https://mobbin.com/flows/8684b407-d701-4f86-be4a-2c6194217572,b9da0940-b342-4ac5-8077-4241a02fd609,b9da0940-b342-4ac5-8077-4241a02fd609,8684b407-d701-4f86-be4a-2c6194217572,Checking sources,1,https://mobbin.com/api/mcp/short/hxG9U4Cu,Perplexity onboarding signup upgrade pro search answer citation follow-up,visual_extracted_from_screenshot
64,flow_screen,sources-citation-strip,evidence/mobbin/flows/flow-8684b407-checking-sources/pos-002-0be80ec9.webp,https://mobbin.com/flows/8684b407-d701-4f86-be4a-2c6194217572,0be80ec9-0bb1-43c1-b896-da5b10fe9f0f,0be80ec9-0bb1-43c1-b896-da5b10fe9f0f,8684b407-d701-4f86-be4a-2c6194217572,Checking sources,2,https://mobbin.com/api/mcp/short/PTJgCzzQ,Perplexity onboarding signup upgrade pro search answer citation follow-up,visual_extracted_from_screenshot
65,flow_screen,sources-citation-strip,evidence/mobbin/flows/flow-8684b407-checking-sources/pos-003-df2dadc7.webp,https://mobbin.com/flows/8684b407-d701-4f86-be4a-2c6194217572,df2dadc7-8744-4483-b404-bef12639e550,df2dadc7-8744-4483-b404-bef12639e550,8684b407-d701-4f86-be4a-2c6194217572,Checking sources,3,https://mobbin.com/api/mcp/short/EaVvtBep,Perplexity onboarding signup upgrade pro search answer citation follow-up,visual_extracted_from_screenshot
66,flow_screen,onboarding-auth,evidence/mobbin/flows/flow-c760eeff-get-started/pos-001-2c32c53c.webp,https://mobbin.com/flows/c760eeff-68f3-4259-afc2-06130432f989,2c32c53c-72a8-406e-99b7-bcb2452d37cf,2c32c53c-72a8-406e-99b7-bcb2452d37cf,c760eeff-68f3-4259-afc2-06130432f989,Get started,1,https://mobbin.com/api/mcp/short/aQiXYNI1,Perplexity onboarding signup upgrade pro search answer citation follow-up,visual_extracted_from_screenshot
67,flow_screen,onboarding-auth,evidence/mobbin/flows/flow-c760eeff-get-started/pos-002-75b52b97.webp,https://mobbin.com/flows/c760eeff-68f3-4259-afc2-06130432f989,75b52b97-6913-4587-8ab5-673b05b0e61b,75b52b97-6913-4587-8ab5-673b05b0e61b,c760eeff-68f3-4259-afc2-06130432f989,Get started,2,https://mobbin.com/api/mcp/short/QU19Y0mv,Perplexity onboarding signup upgrade pro search answer citation follow-up,visual_extracted_from_screenshot
68,flow_screen,onboarding-auth,evidence/mobbin/flows/flow-c760eeff-get-started/pos-003-f05b5158.webp,https://mobbin.com/flows/c760eeff-68f3-4259-afc2-06130432f989,f05b5158-ff7d-4596-937a-5cac8e5da2b5,f05b5158-ff7d-4596-937a-5cac8e5da2b5,c760eeff-68f3-4259-afc2-06130432f989,Get started,3,https://mobbin.com/api/mcp/short/VKGj2c3F,Perplexity onboarding signup upgrade pro search answer citation follow-up,visual_extracted_from_screenshot
69,flow_screen,onboarding-auth,evidence/mobbin/flows/flow-c760eeff-get-started/pos-004-370ae28e.webp,https://mobbin.com/flows/c760eeff-68f3-4259-afc2-06130432f989,370ae28e-fa45-48f8-97fd-a2aa91de820f,370ae28e-fa45-48f8-97fd-a2aa91de820f,c760eeff-68f3-4259-afc2-06130432f989,Get started,4,https://mobbin.com/api/mcp/short/wR0twEaN,Perplexity onboarding signup upgrade pro search answer citation follow-up,visual_extracted_from_screenshot
70,flow_screen,onboarding-auth,evidence/mobbin/flows/flow-c760eeff-get-started/pos-005-0b89b664.webp,https://mobbin.com/flows/c760eeff-68f3-4259-afc2-06130432f989,0b89b664-beb5-4c54-972f-02f51f14f842,0b89b664-beb5-4c54-972f-02f51f14f842,c760eeff-68f3-4259-afc2-06130432f989,Get started,5,https://mobbin.com/api/mcp/short/wBoOQyZh,Perplexity onboarding signup upgrade pro search answer citation follow-up,visual_extracted_from_screenshot
71,flow_screen,onboarding-auth,evidence/mobbin/flows/flow-c760eeff-get-started/pos-006-47d2336b.webp,https://mobbin.com/flows/c760eeff-68f3-4259-afc2-06130432f989,47d2336b-cbab-4952-a1b6-57e343cfbbe4,47d2336b-cbab-4952-a1b6-57e343cfbbe4,c760eeff-68f3-4259-afc2-06130432f989,Get started,6,https://mobbin.com/api/mcp/short/4cxEYhAi,Perplexity onboarding signup upgrade pro search answer citation follow-up,visual_extracted_from_screenshot
72,flow_screen,onboarding-auth,evidence/mobbin/flows/flow-c760eeff-get-started/pos-007-2e06ccc0.webp,https://mobbin.com/flows/c760eeff-68f3-4259-afc2-06130432f989,2e06ccc0-28da-4268-be34-8bc929d84938,2e06ccc0-28da-4268-be34-8bc929d84938,c760eeff-68f3-4259-afc2-06130432f989,Get started,7,https://mobbin.com/api/mcp/short/MbLl21KD,Perplexity onboarding signup upgrade pro search answer citation follow-up,visual_extracted_from_screenshot
73,flow_screen,onboarding-auth,evidence/mobbin/flows/flow-c760eeff-get-started/pos-008-5fdad726.webp,https://mobbin.com/flows/c760eeff-68f3-4259-afc2-06130432f989,5fdad726-acd5-46c1-9698-0f7ea0b687fa,5fdad726-acd5-46c1-9698-0f7ea0b687fa,c760eeff-68f3-4259-afc2-06130432f989,Get started,8,https://mobbin.com/api/mcp/short/bu00bQ6b,Perplexity onboarding signup upgrade pro search answer citation follow-up,visual_extracted_from_screenshot
74,flow_screen,onboarding-auth,evidence/mobbin/flows/flow-c760eeff-get-started/pos-009-7ce2e88a.webp,https://mobbin.com/flows/c760eeff-68f3-4259-afc2-06130432f989,7ce2e88a-7370-47f1-a33e-0feb6ba90625,7ce2e88a-7370-47f1-a33e-0feb6ba90625,c760eeff-68f3-4259-afc2-06130432f989,Get started,9,https://mobbin.com/api/mcp/short/rQUL0LJv,Perplexity onboarding signup upgrade pro search answer citation follow-up,visual_extracted_from_screenshot
75,flow_screen,onboarding-auth,evidence/mobbin/flows/flow-a461b379-onboarding/pos-001-7c61054e.webp,https://mobbin.com/flows/a461b379-bead-4ecb-8ea9-df84aef3ccb9,7c61054e-4ed1-42b7-bee9-956a02a84fe9,7c61054e-4ed1-42b7-bee9-956a02a84fe9,a461b379-bead-4ecb-8ea9-df84aef3ccb9,Onboarding,1,https://mobbin.com/api/mcp/short/cFEsdEFg,Perplexity onboarding signup upgrade pro search answer citation follow-up,visual_extracted_from_screenshot
76,flow_screen,onboarding-auth,evidence/mobbin/flows/flow-a461b379-onboarding/pos-002-dbfa4e78.webp,https://mobbin.com/flows/a461b379-bead-4ecb-8ea9-df84aef3ccb9,dbfa4e78-071d-41d3-9a91-545b72f6950a,dbfa4e78-071d-41d3-9a91-545b72f6950a,a461b379-bead-4ecb-8ea9-df84aef3ccb9,Onboarding,2,https://mobbin.com/api/mcp/short/vnlc92AP,Perplexity onboarding signup upgrade pro search answer citation follow-up,visual_extracted_from_screenshot
77,flow_screen,onboarding-auth,evidence/mobbin/flows/flow-a461b379-onboarding/pos-003-538dcc35.webp,https://mobbin.com/flows/a461b379-bead-4ecb-8ea9-df84aef3ccb9,538dcc35-3072-4d65-b24e-28a2b46043e1,538dcc35-3072-4d65-b24e-28a2b46043e1,a461b379-bead-4ecb-8ea9-df84aef3ccb9,Onboarding,3,https://mobbin.com/api/mcp/short/sRfFqMdv,Perplexity onboarding signup upgrade pro search answer citation follow-up,visual_extracted_from_screenshot
78,flow_screen,onboarding-auth,evidence/mobbin/flows/flow-a461b379-onboarding/pos-004-922d4ba4.webp,https://mobbin.com/flows/a461b379-bead-4ecb-8ea9-df84aef3ccb9,922d4ba4-01f4-492c-b636-1465d94a0c75,922d4ba4-01f4-492c-b636-1465d94a0c75,a461b379-bead-4ecb-8ea9-df84aef3ccb9,Onboarding,4,https://mobbin.com/api/mcp/short/C7vlXg1h,Perplexity onboarding signup upgrade pro search answer citation follow-up,visual_extracted_from_screenshot
79,flow_screen,onboarding-auth,evidence/mobbin/flows/flow-a461b379-onboarding/pos-005-23a9e995.webp,https://mobbin.com/flows/a461b379-bead-4ecb-8ea9-df84aef3ccb9,23a9e995-6272-4916-ac01-a078553c134d,23a9e995-6272-4916-ac01-a078553c134d,a461b379-bead-4ecb-8ea9-df84aef3ccb9,Onboarding,5,https://mobbin.com/api/mcp/short/Ho90wAJ5,Perplexity onboarding signup upgrade pro search answer citation follow-up,visual_extracted_from_screenshot
80,flow_screen,onboarding-auth,evidence/mobbin/flows/flow-a461b379-onboarding/pos-007-d5f28608.webp,https://mobbin.com/flows/a461b379-bead-4ecb-8ea9-df84aef3ccb9,d5f28608-50ad-4ece-88a7-98ffc879322f,d5f28608-50ad-4ece-88a7-98ffc879322f,a461b379-bead-4ecb-8ea9-df84aef3ccb9,Onboarding,7,https://mobbin.com/api/mcp/short/qwAyLQCo,Perplexity onboarding signup upgrade pro search answer citation follow-up,visual_extracted_from_screenshot
81,flow_screen,answer-results-thread,evidence/mobbin/flows/flow-e35f35b9-asking-a-question-pro-search/pos-001-6d8e94f2.webp,https://mobbin.com/flows/e35f35b9-42df-4c42-955a-a263bda68d5e,6d8e94f2-101a-4a86-9e98-fbaa50b16c74,6d8e94f2-101a-4a86-9e98-fbaa50b16c74,e35f35b9-42df-4c42-955a-a263bda68d5e,Asking a question (Pro search),1,https://mobbin.com/api/mcp/short/GLsylXgB,Perplexity onboarding signup upgrade pro search answer citation follow-up,visual_extracted_from_screenshot
82,flow_screen,answer-results-thread,evidence/mobbin/flows/flow-e35f35b9-asking-a-question-pro-search/pos-005-e8ccef9f.webp,https://mobbin.com/flows/e35f35b9-42df-4c42-955a-a263bda68d5e,e8ccef9f-da7c-4166-8040-3c5afe839d23,e8ccef9f-da7c-4166-8040-3c5afe839d23,e35f35b9-42df-4c42-955a-a263bda68d5e,Asking a question (Pro search),5,https://mobbin.com/api/mcp/short/hySUOGa1,Perplexity onboarding signup upgrade pro search answer citation follow-up,visual_extracted_from_screenshot
83,flow_screen,answer-results-thread,evidence/mobbin/flows/flow-e35f35b9-asking-a-question-pro-search/pos-008-6c34eaca.webp,https://mobbin.com/flows/e35f35b9-42df-4c42-955a-a263bda68d5e,6c34eaca-c082-4a61-82c3-6b447df8c5be,6c34eaca-c082-4a61-82c3-6b447df8c5be,e35f35b9-42df-4c42-955a-a263bda68d5e,Asking a question (Pro search),8,https://mobbin.com/api/mcp/short/YMt3BKYu,Perplexity onboarding signup upgrade pro search answer citation follow-up,visual_extracted_from_screenshot
84,flow_screen,answer-results-thread,evidence/mobbin/flows/flow-e35f35b9-asking-a-question-pro-search/pos-009-70b208f5.webp,https://mobbin.com/flows/e35f35b9-42df-4c42-955a-a263bda68d5e,70b208f5-3fdf-402a-86a0-df71c698c071,70b208f5-3fdf-402a-86a0-df71c698c071,e35f35b9-42df-4c42-955a-a263bda68d5e,Asking a question (Pro search),9,https://mobbin.com/api/mcp/short/kR7owkHu,Perplexity onboarding signup upgrade pro search answer citation follow-up,visual_extracted_from_screenshot
85,flow_screen,onboarding-auth,evidence/mobbin/flows/flow-4f0420a7-onboarding/pos-006-a8218f85.webp,https://mobbin.com/flows/4f0420a7-42f1-4e16-b3a9-fd3f4d5da072,a8218f85-e6ae-4093-a020-fe600c841b0e,a8218f85-e6ae-4093-a020-fe600c841b0e,4f0420a7-42f1-4e16-b3a9-fd3f4d5da072,Onboarding,6,https://mobbin.com/api/mcp/short/fid5MgVk,Perplexity onboarding signup upgrade pro search answer citation follow-up,visual_extracted_from_screenshot
86,flow_screen,onboarding-auth,evidence/mobbin/flows/flow-4f0420a7-onboarding/pos-010-41e49d0d.webp,https://mobbin.com/flows/4f0420a7-42f1-4e16-b3a9-fd3f4d5da072,41e49d0d-ba86-498f-bbbf-8d709fc65c58,41e49d0d-ba86-498f-bbbf-8d709fc65c58,4f0420a7-42f1-4e16-b3a9-fd3f4d5da072,Onboarding,10,https://mobbin.com/api/mcp/short/8YuOOZRF,Perplexity onboarding signup upgrade pro search answer citation follow-up,visual_extracted_from_screenshot
87,flow_screen,help-article-layout,evidence/mobbin/flows/flow-e33dce41-faq-article-detail/pos-001-2b41fca5.webp,https://mobbin.com/flows/e33dce41-8649-4526-aead-d2446ca86ed1,2b41fca5-25af-4459-af9a-c03dce710529,2b41fca5-25af-4459-af9a-c03dce710529,e33dce41-8649-4526-aead-d2446ca86ed1,FAQ article detail,1,https://mobbin.com/api/mcp/short/ReLQReIX,Perplexity onboarding signup upgrade pro search answer citation follow-up,visual_extracted_from_screenshot
88,flow_screen,help-article-layout,evidence/mobbin/flows/flow-e33dce41-faq-article-detail/pos-002-a27e0595.webp,https://mobbin.com/flows/e33dce41-8649-4526-aead-d2446ca86ed1,a27e0595-f6e8-4581-8f3e-c39a37351f63,a27e0595-f6e8-4581-8f3e-c39a37351f63,e33dce41-8649-4526-aead-d2446ca86ed1,FAQ article detail,2,https://mobbin.com/api/mcp/short/jkzuwllE,Perplexity onboarding signup upgrade pro search answer citation follow-up,visual_extracted_from_screenshot
89,flow_screen,help-article-layout,evidence/mobbin/flows/flow-e33dce41-faq-article-detail/pos-004-9d13264e.webp,https://mobbin.com/flows/e33dce41-8649-4526-aead-d2446ca86ed1,9d13264e-e962-44af-94f4-30693135fb8f,9d13264e-e962-44af-94f4-30693135fb8f,e33dce41-8649-4526-aead-d2446ca86ed1,FAQ article detail,4,https://mobbin.com/api/mcp/short/MpcVKSen,Perplexity onboarding signup upgrade pro search answer citation follow-up,visual_extracted_from_screenshot
90,flow_screen,onboarding-auth,evidence/mobbin/flows/flow-c10e208a-accepting-a-referral/pos-001-597b0a01.webp,https://mobbin.com/flows/c10e208a-9624-4381-81d2-812cee5e5e74,597b0a01-0aa9-4573-b680-9a24927010c0,597b0a01-0aa9-4573-b680-9a24927010c0,c10e208a-9624-4381-81d2-812cee5e5e74,Accepting a referral,1,https://mobbin.com/api/mcp/short/2hXVOCrO,Perplexity onboarding signup upgrade pro search answer citation follow-up,visual_extracted_from_screenshot
91,flow_screen,onboarding-auth,evidence/mobbin/flows/flow-c10e208a-accepting-a-referral/pos-002-55aee9ea.webp,https://mobbin.com/flows/c10e208a-9624-4381-81d2-812cee5e5e74,55aee9ea-87d9-4d0b-a6af-9fe4afc124d4,55aee9ea-87d9-4d0b-a6af-9fe4afc124d4,c10e208a-9624-4381-81d2-812cee5e5e74,Accepting a referral,2,https://mobbin.com/api/mcp/short/cCV3CSV3,Perplexity onboarding signup upgrade pro search answer citation follow-up,visual_extracted_from_screenshot
92,flow_screen,onboarding-auth,evidence/mobbin/flows/flow-c10e208a-accepting-a-referral/pos-004-92aff7ce.webp,https://mobbin.com/flows/c10e208a-9624-4381-81d2-812cee5e5e74,92aff7ce-0567-48da-bfc2-e877bb9c349f,92aff7ce-0567-48da-bfc2-e877bb9c349f,c10e208a-9624-4381-81d2-812cee5e5e74,Accepting a referral,4,https://mobbin.com/api/mcp/short/bnrYeLaz,Perplexity onboarding signup upgrade pro search answer citation follow-up,visual_extracted_from_screenshot
93,flow_screen,follow-up-related-questions,evidence/mobbin/flows/flow-bc887b05-adding-a-new-thread/pos-003-52e97341.webp,https://mobbin.com/flows/bc887b05-44bf-4b47-b96f-110ba60f3edf,52e97341-ac99-4f0a-8172-59d72ea83a95,52e97341-ac99-4f0a-8172-59d72ea83a95,bc887b05-44bf-4b47-b96f-110ba60f3edf,Adding a new thread,3,https://mobbin.com/api/mcp/short/yslgko8K,Perplexity onboarding signup upgrade pro search answer citation follow-up,visual_extracted_from_screenshot
